{"cameraMode":{"drawMode":0,"name":"Shaded","section":"Shading Mode"},"sceneLighting":false,"audioPlay":false,"sceneViewState":{"m_AlwaysRefresh":false,"showFog":true,"showSkybox":false,"showFlares":true,"showImageEffects":true,"showParticleSystems":true,"showVisualEffectGraphs":true,"m_FxEnabled":true},"in2DMode":false,"pivot":{"x":215.63674926757813,"y":17.62096405029297,"z":125.12850952148438},"rotation":{"x":0.028691619634628297,"y":0.5864832997322083,"z":-0.021756572648882867,"w":0.8095769286155701},"size":36.188358306884769,"orthographic":false}