{"cameraMode":{"drawMode":0,"name":"Shaded","section":"Shading Mode"},"sceneLighting":false,"audioPlay":false,"sceneViewState":{"m_AlwaysRefresh":false,"showFog":true,"showSkybox":false,"showFlares":true,"showImageEffects":true,"showParticleSystems":true,"showVisualEffectGraphs":true,"m_FxEnabled":true},"in2DMode":false,"pivot":{"x":412.2930908203125,"y":96.26858520507813,"z":-531.8405151367188},"rotation":{"x":0.0515921525657177,"y":-0.004273043945431709,"z":-0.0005781976506114006,"w":0.9989954829216003},"size":179.04368591308595,"orthographic":false}